{"cameraMode":{"drawMode":0,"name":"Shaded","section":"Shading Mode"},"sceneLighting":true,"audioPlay":false,"sceneViewState":{"showFog":true,"showMaterialUpdate":false,"showSkybox":true,"showFlares":true,"showImageEffects":true,"showParticleSystems":true},"in2DMode":false,"pivot":{"x":9.545343399047852,"y":3.3727540969848635,"z":-10.14457893371582},"rotation":{"x":0.2328626960515976,"y":0.21126630902290345,"z":-0.05190039798617363,"w":0.9478706121444702},"size":12.056357383728028,"orthographic":true}