{"cameraMode":{"drawMode":0,"name":"Shaded","section":"Shading Mode"},"sceneLighting":false,"audioPlay":false,"sceneViewState":{"showFog":true,"showMaterialUpdate":false,"showSkybox":false,"showFlares":true,"showImageEffects":true,"showParticleSystems":true},"in2DMode":false,"pivot":{"x":0.5262805223464966,"y":1.369835615158081,"z":-1.8511931896209717},"rotation":{"x":0.22973479330539704,"y":-0.44163331389427187,"z":0.11802054196596146,"w":0.859216570854187},"size":3.989082098007202,"orthographic":false}