{"cameraMode":{"drawMode":0,"name":"Shaded","section":"Shading Mode"},"sceneLighting":false,"audioPlay":false,"sceneViewState":{"showFog":true,"showMaterialUpdate":false,"showSkybox":true,"showFlares":true,"showImageEffects":true,"showParticleSystems":true},"in2DMode":false,"pivot":{"x":16.546894073486329,"y":1.1979421377182007,"z":11.54626750946045},"rotation":{"x":-0.08269167691469193,"y":0.1877899169921875,"z":-0.01586887612938881,"w":-0.9785963892936707},"size":56.14082336425781,"orthographic":true}