{"cameraMode":{"drawMode":0,"name":"Shaded","section":"Shading Mode"},"sceneLighting":true,"audioPlay":false,"sceneViewState":{"showFog":true,"showMaterialUpdate":false,"showSkybox":true,"showFlares":true,"showImageEffects":true,"showParticleSystems":true},"in2DMode":false,"pivot":{"x":5.301515102386475,"y":1.3051729202270508,"z":-19.81134033203125},"rotation":{"x":0.06758641451597214,"y":-0.9266844987869263,"z":0.30935585498809817,"w":0.2024582028388977},"size":2.8035874366760256,"orthographic":true}