{"cameraMode":{"drawMode":0,"name":"Shaded","section":"Shading Mode"},"sceneLighting":true,"audioPlay":false,"sceneViewState":{"showFog":true,"showMaterialUpdate":false,"showSkybox":true,"showFlares":true,"showImageEffects":true,"showParticleSystems":true},"in2DMode":false,"pivot":{"x":12.692998886108399,"y":1.426236629486084,"z":-20.430208206176759},"rotation":{"x":0.05740455910563469,"y":-0.9425949454307556,"z":0.23186586797237397,"w":0.23336398601531983},"size":4.226999282836914,"orthographic":true}