{"cameraMode":{"drawMode":0,"name":"Shaded","section":"Shading Mode"},"sceneLighting":false,"audioPlay":false,"sceneViewState":{"showFog":true,"showMaterialUpdate":false,"showSkybox":false,"showFlares":true,"showImageEffects":true,"showParticleSystems":true},"in2DMode":false,"pivot":{"x":-0.3124494254589081,"y":0.9375,"z":-0.8125001192092896},"rotation":{"x":-0.009062794968485833,"y":-0.8924301266670227,"z":0.4507429301738739,"w":-0.017943929880857469},"size":4.221873760223389,"orthographic":true}