{"cameraMode":{"drawMode":0,"name":"Shaded","section":"Shading Mode"},"sceneLighting":true,"audioPlay":false,"sceneViewState":{"showFog":true,"showMaterialUpdate":false,"showSkybox":true,"showFlares":true,"showImageEffects":true,"showParticleSystems":true},"in2DMode":false,"pivot":{"x":0.686098575592041,"y":-17.556608200073243,"z":-9.317046165466309},"rotation":{"x":0.49342572689056399,"y":0.04822404682636261,"z":-0.027413351461291314,"w":0.868019163608551},"size":43.75875473022461,"orthographic":true}