{"cameraMode":{"drawMode":0,"name":"Shaded","section":"Shading Mode"},"sceneLighting":true,"audioPlay":false,"sceneViewState":{"showFog":true,"showMaterialUpdate":false,"showSkybox":true,"showFlares":true,"showImageEffects":true,"showParticleSystems":true},"in2DMode":false,"pivot":{"x":-18.845603942871095,"y":2.0713653564453127,"z":-8.115431785583496},"rotation":{"x":0.008895314298570156,"y":0.7521341443061829,"z":-0.010154428891837597,"w":0.658872127532959},"size":2.835594892501831,"orthographic":true}