{"cameraMode":{"drawMode":0,"name":"Shaded","section":"Shading Mode"},"sceneLighting":true,"audioPlay":false,"sceneViewState":{"showFog":true,"showMaterialUpdate":false,"showSkybox":true,"showFlares":true,"showImageEffects":true,"showParticleSystems":true},"in2DMode":false,"pivot":{"x":236.45230102539063,"y":90.25035858154297,"z":-73.44418334960938},"rotation":{"x":-0.0964244157075882,"y":-0.1366228461265564,"z":0.01336310151964426,"w":-0.9858298897743225},"size":529.346435546875,"orthographic":true}