{"cameraMode":{"drawMode":0,"name":"Shaded","section":"Shading Mode"},"sceneLighting":true,"audioPlay":false,"sceneViewState":{"showFog":true,"showMaterialUpdate":false,"showSkybox":true,"showFlares":true,"showImageEffects":true,"showParticleSystems":true},"in2DMode":false,"pivot":{"x":3.3156251907348635,"y":2.664416551589966,"z":-19.295141220092775},"rotation":{"x":0.08450794219970703,"y":-0.8361303806304932,"z":0.1345946490764618,"w":0.5250234007835388},"size":5.211575031280518,"orthographic":true}