{"cameraMode":{"drawMode":0,"name":"Shaded","section":"Shading Mode"},"sceneLighting":false,"audioPlay":false,"sceneViewState":{"showFog":true,"showMaterialUpdate":false,"showSkybox":false,"showFlares":true,"showImageEffects":true,"showParticleSystems":true},"in2DMode":false,"pivot":{"x":10.214062690734864,"y":3.317157030105591,"z":-18.675220489501954},"rotation":{"x":-0.034602753818035129,"y":-0.949880838394165,"z":0.28915560245513918,"w":-0.11367078870534897},"size":6.73516321182251,"orthographic":true}