{"cameraMode":{"drawMode":0,"name":"Shaded","section":"Shading Mode"},"sceneLighting":true,"audioPlay":false,"sceneViewState":{"showFog":true,"showMaterialUpdate":false,"showSkybox":true,"showFlares":true,"showImageEffects":true,"showParticleSystems":true},"in2DMode":false,"pivot":{"x":8.451375007629395,"y":2.8908183574676515,"z":-18.314207077026368},"rotation":{"x":0.14163243770599366,"y":-0.6319015622138977,"z":0.11890825629234314,"w":0.7526637315750122},"size":5.6884026527404789,"orthographic":true}