{"cameraMode":{"drawMode":0,"name":"Shaded","section":"Shading Mode"},"sceneLighting":true,"audioPlay":false,"sceneViewState":{"showFog":true,"showMaterialUpdate":false,"showSkybox":true,"showFlares":true,"showImageEffects":true,"showParticleSystems":true},"in2DMode":false,"pivot":{"x":11.853002548217774,"y":2.671856641769409,"z":-21.86400604248047},"rotation":{"x":0.05740455910563469,"y":-0.9425949454307556,"z":0.23186586797237397,"w":0.23336398601531983},"size":12.443168640136719,"orthographic":true}