{"cameraMode":{"drawMode":0,"name":"Shaded","section":"Shading Mode"},"sceneLighting":true,"audioPlay":false,"sceneViewState":{"showFog":true,"showMaterialUpdate":false,"showSkybox":true,"showFlares":true,"showImageEffects":true,"showParticleSystems":true},"in2DMode":false,"pivot":{"x":12.580577850341797,"y":7.678802490234375,"z":9.498245239257813},"rotation":{"x":0.309414803981781,"y":-0.5099482536315918,"z":0.20320577919483186,"w":0.7764817476272583},"size":15.676109313964844,"orthographic":true}