{"cameraMode":{"drawMode":0,"name":"Shaded","section":"Shading Mode"},"sceneLighting":true,"audioPlay":false,"sceneViewState":{"showFog":true,"showMaterialUpdate":false,"showSkybox":true,"showFlares":true,"showImageEffects":true,"showParticleSystems":true},"in2DMode":false,"pivot":{"x":0.6545066833496094,"y":-0.4614826440811157,"z":-19.564346313476564},"rotation":{"x":0.17147882282733918,"y":-0.7848371267318726,"z":0.2487231194972992,"w":0.5410906672477722},"size":5.265135288238525,"orthographic":true}