{"cameraMode":{"drawMode":0,"name":"Shaded","section":"Shading Mode"},"sceneLighting":false,"audioPlay":false,"sceneViewState":{"showFog":true,"showMaterialUpdate":false,"showSkybox":false,"showFlares":true,"showImageEffects":true,"showParticleSystems":true},"in2DMode":false,"pivot":{"x":5.710000038146973,"y":4.604848861694336,"z":-22.3700008392334},"rotation":{"x":0.10264775902032852,"y":-0.6116364598274231,"z":0.08046591281890869,"w":0.7803221940994263},"size":15.305924415588379,"orthographic":true}