{"cameraMode":{"drawMode":0,"name":"Shaded","section":"Shading Mode"},"sceneLighting":true,"audioPlay":false,"sceneViewState":{"showFog":true,"showMaterialUpdate":false,"showSkybox":true,"showFlares":true,"showImageEffects":true,"showParticleSystems":true},"in2DMode":false,"pivot":{"x":-12.200149536132813,"y":23.521129608154298,"z":-2.769348382949829},"rotation":{"x":0.2347375452518463,"y":0.5959821939468384,"z":-0.18788978457450868,"w":0.7445825934410095},"size":102.2921142578125,"orthographic":true}