{"cameraMode":{"drawMode":0,"name":"Shaded","section":"Shading Mode"},"sceneLighting":true,"audioPlay":false,"sceneViewState":{"showFog":true,"showMaterialUpdate":false,"showSkybox":true,"showFlares":true,"showImageEffects":true,"showParticleSystems":true},"in2DMode":false,"pivot":{"x":-8.408914566040039,"y":0.5720019340515137,"z":-26.03448486328125},"rotation":{"x":-0.3845894932746887,"y":0.10515016317367554,"z":-0.04414787143468857,"w":-0.9160178899765015},"size":3.0202269554138185,"orthographic":true}