{"cameraMode":{"drawMode":0,"name":"Shaded","section":"Shading Mode"},"sceneLighting":true,"audioPlay":false,"sceneViewState":{"showFog":true,"showMaterialUpdate":false,"showSkybox":true,"showFlares":true,"showImageEffects":true,"showParticleSystems":true},"in2DMode":false,"pivot":{"x":5.633676528930664,"y":1.5535387992858887,"z":-19.480886459350587},"rotation":{"x":-0.0065356590785086159,"y":-0.9821920990943909,"z":0.1845169961452484,"w":-0.03478802368044853},"size":2.567328929901123,"orthographic":true}