{"cameraMode":{"drawMode":0,"name":"Shaded","section":"Shading Mode"},"sceneLighting":true,"audioPlay":false,"sceneViewState":{"showFog":true,"showMaterialUpdate":false,"showSkybox":true,"showFlares":true,"showImageEffects":true,"showParticleSystems":true},"in2DMode":false,"pivot":{"x":2.9300003051757814,"y":1.4992904663085938,"z":-27.65999984741211},"rotation":{"x":0.05740455910563469,"y":-0.9425949454307556,"z":0.23186586797237397,"w":0.23336398601531983},"size":21.637880325317384,"orthographic":true}