{"cameraMode":{"drawMode":0,"name":"Shaded","section":"Shading Mode"},"sceneLighting":true,"audioPlay":false,"sceneViewState":{"showFog":true,"showMaterialUpdate":false,"showSkybox":true,"showFlares":true,"showImageEffects":true,"showParticleSystems":true},"in2DMode":false,"pivot":{"x":79.42173767089844,"y":136.863525390625,"z":-0.05713804066181183},"rotation":{"x":-0.06442306190729141,"y":0.03171909600496292,"z":-0.002048665890470147,"w":-0.9974175095558167},"size":168.12408447265626,"orthographic":true}