{"cameraMode":{"drawMode":0,"name":"Shaded","section":"Shading Mode"},"sceneLighting":false,"audioPlay":false,"sceneViewState":{"showFog":true,"showMaterialUpdate":false,"showSkybox":false,"showFlares":true,"showImageEffects":true,"showParticleSystems":true},"in2DMode":false,"pivot":{"x":7.305205345153809,"y":1.0700000524520875,"z":-21.690000534057618},"rotation":{"x":0.10264775902032852,"y":-0.6116364598274231,"z":0.08046591281890869,"w":0.7803221940994263},"size":22.0,"orthographic":true}