{"cameraMode":{"drawMode":0,"name":"Shaded","section":"Shading Mode"},"sceneLighting":true,"audioPlay":false,"sceneViewState":{"showFog":true,"showMaterialUpdate":false,"showSkybox":true,"showFlares":true,"showImageEffects":true,"showParticleSystems":true},"in2DMode":false,"pivot":{"x":8.179999351501465,"y":1.990236759185791,"z":-25.33020782470703},"rotation":{"x":0.05210857838392258,"y":-0.6334710717201233,"z":0.042823001742362979,"w":0.770823061466217},"size":2.7424566745758058,"orthographic":true}