{"cameraMode":{"drawMode":0,"name":"Shaded","section":"Shading Mode"},"sceneLighting":true,"audioPlay":false,"sceneViewState":{"showFog":true,"showMaterialUpdate":false,"showSkybox":true,"showFlares":true,"showImageEffects":true,"showParticleSystems":true},"in2DMode":false,"pivot":{"x":-3.308811664581299,"y":-10.131338119506836,"z":3.3642096519470217},"rotation":{"x":0.49342572689056399,"y":0.04822404682636261,"z":-0.027413351461291314,"w":0.868019163608551},"size":44.62900161743164,"orthographic":true}