{"cameraMode":{"drawMode":0,"name":"Shaded","section":"Shading Mode"},"sceneLighting":false,"audioPlay":false,"sceneViewState":{"showFog":true,"showMaterialUpdate":false,"showSkybox":false,"showFlares":true,"showImageEffects":true,"showParticleSystems":true},"in2DMode":false,"pivot":{"x":2.9300003051757814,"y":1.4992904663085938,"z":-27.65999984741211},"rotation":{"x":0.6555641293525696,"y":-0.0976264700293541,"z":0.086040198802948,"w":0.7438440918922424},"size":85.73651885986328,"orthographic":true}