{"cameraMode":{"drawMode":0,"name":"Shaded","section":"Shading Mode"},"sceneLighting":false,"audioPlay":false,"sceneViewState":{"showFog":true,"showMaterialUpdate":false,"showSkybox":false,"showFlares":true,"showImageEffects":true,"showParticleSystems":true},"in2DMode":false,"pivot":{"x":0.0,"y":0.9099999666213989,"z":0.4619999825954437},"rotation":{"x":0.0350712388753891,"y":0.7045454382896423,"z":-0.03490355610847473,"w":0.7079328894615173},"size":6.082500457763672,"orthographic":true}