{"cameraMode":{"drawMode":0,"name":"Shaded","section":"Shading Mode"},"sceneLighting":true,"audioPlay":false,"sceneViewState":{"showFog":true,"showMaterialUpdate":false,"showSkybox":true,"showFlares":true,"showImageEffects":true,"showParticleSystems":true},"in2DMode":false,"pivot":{"x":3.8855886459350588,"y":2.7906415462493898,"z":-27.762191772460939},"rotation":{"x":-0.4168090224266052,"y":0.08595336973667145,"z":-0.03962833806872368,"w":-0.9040542244911194},"size":5.591380596160889,"orthographic":true}