{"cameraMode":{"drawMode":0,"name":"Shaded","section":"Shading Mode"},"sceneLighting":true,"audioPlay":false,"sceneViewState":{"showFog":true,"showMaterialUpdate":false,"showSkybox":true,"showFlares":true,"showImageEffects":true,"showParticleSystems":true},"in2DMode":false,"pivot":{"x":-21.595664978027345,"y":1.4307146072387696,"z":-13.104398727416993},"rotation":{"x":-0.10079458355903626,"y":-0.8142455816268921,"z":0.14867345988750459,"w":-0.5520365834236145},"size":2.7933154106140138,"orthographic":true}