{"cameraMode":{"drawMode":0,"name":"Shaded","section":"Shading Mode"},"sceneLighting":true,"audioPlay":false,"sceneViewState":{"showFog":true,"showMaterialUpdate":false,"showSkybox":true,"showFlares":true,"showImageEffects":true,"showParticleSystems":true},"in2DMode":false,"pivot":{"x":-0.001403212547302246,"y":5.924868583679199,"z":6.07252311706543},"rotation":{"x":0.3128975033760071,"y":-0.3482881784439087,"z":0.124575674533844,"w":0.8747979998588562},"size":22.406841278076173,"orthographic":false}