{"cameraMode":{"drawMode":0,"name":"Shaded","section":"Shading Mode"},"sceneLighting":false,"audioPlay":false,"sceneViewState":{"showFog":true,"showMaterialUpdate":false,"showSkybox":false,"showFlares":true,"showImageEffects":true,"showParticleSystems":true},"in2DMode":false,"pivot":{"x":5.710000038146973,"y":4.604850769042969,"z":-28.899999618530275},"rotation":{"x":0.10264775902032852,"y":-0.6116364598274231,"z":0.08046591281890869,"w":0.7803221940994263},"size":15.305932998657227,"orthographic":true}