{"cameraMode":{"drawMode":0,"name":"Shaded","section":"Shading Mode"},"sceneLighting":false,"audioPlay":false,"sceneViewState":{"showFog":true,"showMaterialUpdate":false,"showSkybox":true,"showFlares":true,"showImageEffects":true,"showParticleSystems":true},"in2DMode":false,"pivot":{"x":1.1444939374923707,"y":2.0992398262023927,"z":10.224609375},"rotation":{"x":0.2513277530670166,"y":0.655795156955719,"z":-0.24684323370456696,"w":0.6677097678184509},"size":13.76986312866211,"orthographic":true}